name,email,age
Alice Johnson,alice.johnson@example.com,25
Bob Smith,bob.smith@example.com,30
Catherine Brown,catherine.brown@example.com,27
Daniel White,daniel.white@example.com,35
Ella Black,ella.black@example.com,29
Frank Green,frank.green@example.com,31
Grace Miller,grace.miller@example.com,28
Henry Davis,henry.davis@example.com,33
Isabella Moore,isabella.moore@example.com,24
Jack Wilson,jack.wilson@example.com,32
Karen Harris,karen.harris@example.com,26
Liam Hall,liam.hall@example.com,34
Mia Allen,mia.allen@example.com,22
Noah Young,noah.young@example.com,30
Olivia King,olivia.king@example.com,29
Paul Wright,paul.wright@example.com,27
Quinn Scott,quinn.scott@example.com,23
Rachel Adams,rachel.adams@example.com,31
Samuel Baker,samuel.baker@example.com,25
Tina Nelson,tina.nelson@example.com,28
